brand,product,angle,hook_type,headline,primary_text,cta,format_length,tone,audience,objective,platform,emojis_used,compliance_flags,notes
mellow,CloudAlign Pillow,Pain relief / alignment,Problem (Negative),Neck Pain Ends Tonight,"Still waking up stiff? CloudAlign is chiropractor-approved to keep your neck aligned so you sleep pain-free.
✅ High side / low side – flip to fit
✅ Cradles your head, relieves pressure
✅ Cool + comfy support
We’ve sold out 3 times—don’t miss this batch.",Order Yours,short,"confident, conversational, conversion-focused",broad prospecting,Sales / Conversions,Meta,False,,
mellow,CloudAlign Pillow,Authority / Pro,Social Proof,Chiropractor-Approved Comfort,"Designed with spine alignment in mind. CloudAlign helps you stop tossing to “find the spot” and start sleeping deeper.
Loved by thousands of happy sleepers.",Shop Pillow,short,"confident, conversational, conversion-focused",broad prospecting,Sales / Conversions,Meta,False,,
mellow,CloudAlign Pillow,How it works,Solution-First,Flip For Your Fit,"One pillow, two heights. Flip CloudAlign: high side for side sleepers, low side for back sleepers. The contour cradles your head and eases neck tension so you wake up fresh.",See How,short,"confident, conversational, conversion-focused",broad prospecting,Sales / Conversions,Meta,False,,
mellow,CloudAlign Pillow,Scarcity / momentum,FOMO / Scarcity,We Can’t Keep This In Stock,"CloudAlign keeps selling out. If neck pain is stealing your nights, this is your sign to fix it—fast.",Get In Line,short,"confident, conversational, conversion-focused",broad prospecting,Sales / Conversions,Meta,False,,
mellow,Temperature Control Comforter,Thermoregulation,Solution-First,Stop Overheating At Night,"Sleep hot or cold? Unzip the dual-layer comforter to dial your temp. Built-in duvet cover, hotel-level feel, hypoallergenic and antibacterial.",Shop Comforter,short,"confident, conversational, conversion-focused",broad prospecting,Sales / Conversions,Meta,False,,
mellow,Temperature Control Comforter,Feature to benefit,Question Hook,What If Your Bed Adapted To You?,Mellow’s dual-layer design lets you sleep cool or cozy—without swapping blankets. OEKO‑TEX® certified materials. Naia™ sustainable filling.,Upgrade Tonight,short,"confident, conversational, conversion-focused",broad prospecting,Sales / Conversions,Meta,False,,
mellow,Temperature Control Comforter,Social proof,Social Proof,#1 Selling Comforter (Again),"We keep selling out for a reason: real sleepers say Mellow finally solved night sweats. Built-in duvet, hotel quality, fast shipping.",Claim Yours,short,"confident, conversational, conversion-focused",broad prospecting,Sales / Conversions,Meta,False,,
mellow,CloudAlign Pillow,Preorder transparency,Pattern Interrupt,Worth The Wait,"Due to massive demand from happy customers and chiropractors, CloudAlign ships in 10–14 business days. If it’s sooner, we’ll let you know. It’s worth the wait.",Reserve Now,short,"confident, conversational, conversion-focused",broad prospecting,Sales / Conversions,Meta,False,,Preorder/backorder transparency
YesYou,Disposable Skin Towels,Hygiene / acne-safe,Problem (Negative),Stop Reusing Dirty Towels,"Traditional towels trap bacteria. YesYou disposable skin towels are dermatologist-approved to dry clean—no breakouts, no musty smell, no laundry.",Try YesYou,short,"confident, conversational, conversion-focused",broad prospecting,Sales / Conversions,Meta,False,,
YesYou,Disposable Skin Towels,Offer (elevated free),Social Proof / Offer,Your First Box Is On Us…,"Face towels so good, we’ll cover your first box. Just pay shipping, love the clean-skin feel, and keep it if you’re obsessed.",Get The First Box,short,"confident, conversational, conversion-focused",broad prospecting,Sales / Conversions,Meta,False,,Elevated ‘free’ positioning without shouting FREE
YesYou,Disposable Skin Towels,Education,Question Hook,How Clean Is Your Towel—Really?,"If it’s been on your sink for days, it’s not clean. Switch to fresh, single-use skin towels and protect your barrier.",Upgrade Your Routine,short,"confident, conversational, conversion-focused",broad prospecting,Sales / Conversions,Meta,False,,
YesYou,Disposable Skin Towels,Brand vibe,Solution-First,Derm-Approved. Breakout-Aware.,"Soft, strong, and designed for skin. YesYou keeps your face clean without friction or funk. No laundry. No guessing.",Shop Towels,short,"confident, conversational, conversion-focused",broad prospecting,Sales / Conversions,Meta,False,,
AVIO,Apex Backpack,Organization / utility,Solution-First,Pack Like A Pro,"Meet the AVIO Apex: waterproof zips, 900D shell, shock‑safe laptop bay, and pockets that actually make sense. Designed for intentional movement.",Shop Apex,short,"confident, conversational, conversion-focused",broad prospecting,Sales / Conversions,Meta,False,,
AVIO,Apex Backpack,Scarcity / hype,FOMO / Scarcity,We’re About To Sell Out,"Feedback was wild—now inventory is tight. If you need a smarter carry for travel days and desk days, grab Apex before the next waitlist.",Grab Yours,short,"confident, conversational, conversion-focused",broad prospecting,Sales / Conversions,Meta,False,,
AVIO,Apex Backpack,Identity,Controversial / Pattern Interrupt,Stop Overpacking. Start Organizing.,"Apex is built to replace the chaos bag. Waterproof zips, reflective jacquard, quick‑access, and a layout that’s exactly where you expect it.",Get Organized,short,"confident, conversational, conversion-focused",broad prospecting,Sales / Conversions,Meta,False,,
AVIO,Apex Backpack,Authority / quality,Social Proof,Designed For A Decade,"Premium materials inside and out—because your gear should last longer than a season. If you know, you know.",Buy Once,short,"confident, conversational, conversion-focused",broad prospecting,Sales / Conversions,Meta,False,,
Comfrt,Hoodie,Everyday essential,Solution-First,The Hoodie You’ll Live In,"Heavyweight feel, cloud‑soft inside, built to hold shape. This is your daily driver—work, gym, couch, repeat.",Get The Hoodie,short,"confident, conversational, conversion-focused",broad prospecting,Sales / Conversions,Meta,False,,
Comfrt,Hoodie,Social proof / hype,Social Proof,#1 Selling Hoodie Of 2024,Thousands switched and didn’t look back. Stock moves fast—don’t wait for another restock post.,Shop Best Seller,short,"confident, conversational, conversion-focused",broad prospecting,Sales / Conversions,Meta,False,,
Comfrt,Sweatpants,Comfort + fit,Question Hook,Ever Had ‘Airport Pants’?,"The pair you reach for every time because they fit, feel, and photograph right. That’s these.",Add To Cart,short,"confident, conversational, conversion-focused",broad prospecting,Sales / Conversions,Meta,False,,
Comfrt,Hoodie + Sweats,Bundle / AOV,Offer / Solution-First,The Set Just Makes Sense,"Save when you grab the matching set. Fewer decisions, better days.",Build Your Set,short,"confident, conversational, conversion-focused",broad prospecting,Sales / Conversions,Meta,False,,
EllaOla,Kids Essential Multivitamin (Unflavored),Back-to-school / immunity support,Problem (Negative),Sick Days Already? Not This Year.,"Unflavored, easy-to-mix kids multivitamin with essentials for everyday wellness and busy school schedules. No sugar. No dyes. Parents love the simplicity.",Shop Vitamins,short,"confident, conversational, conversion-focused",broad prospecting,Sales / Conversions,Meta,False,Avoid disease claims; general wellness framing only,
EllaOla,Kids Essential Multivitamin (Unflavored),Routine / hectic mornings,Solution-First,One Stir. Done.,"No battles, no flavors to fight. Stir into water or juice and move on with your morning.",Make Mornings Easier,short,"confident, conversational, conversion-focused",broad prospecting,Sales / Conversions,Meta,False,,
EllaOla,Kids Essential Multivitamin (Unflavored),Social proof / mom approval,Social Proof,Mom-Approved. Kid-Proof.,"Thousands of parents made the switch for clean, simple nutrition. Gentle on routines—and taste buds.",Try It Today,short,"confident, conversational, conversion-focused",broad prospecting,Sales / Conversions,Meta,False,,
Woolx,Mia Tee (Merino Wool),Odor / temperature,Problem (Negative),Your Cotton Tee Can’t Do This,"Merino regulates temp, resists odor, and stays soft wash after wash. Meet the Mia Tee—your new everyday upgrade.",Shop Mia,short,"confident, conversational, conversion-focused",broad prospecting,Sales / Conversions,Meta,False,,
Woolx,Mia Tee (Merino Wool),Education,Question Hook,Why Merino? Here’s The Short List.,"Odor-resistant, temperature-regulating, breathable, and insanely soft. Once you go merino, it’s hard to go back.",Upgrade Your Tee,short,"confident, conversational, conversion-focused",broad prospecting,Sales / Conversions,Meta,False,,
Hanks Belts,Everyday Work Belt,Durability / value,Solution-First,The Last Belt You’ll Ever Buy,"Full‑grain leather. Built to work, built to last. No peeling, no cracking—ever.",Shop Work Belt,short,"confident, conversational, conversion-focused",broad prospecting,Sales / Conversions,Meta,False,,
Hanks Belts,Montana Double Bison,Premium / craft,Social Proof,Real Bison. Unreal Feel.,Handmade quality and a lifelong fit. Customers won’t shut up about it (in a good way).,Own It,short,"confident, conversational, conversion-focused",broad prospecting,Sales / Conversions,Meta,False,,
King Kanine,KING KALM CBD Oil,Calm / routine,Question Hook,An Easier Night With Your Pup?,Pet wellness starts with a calmer routine. KING KALM is made for dogs—with quality you can trust and dosing guidance that’s simple.,See Details,short,"confident, conversational, conversion-focused",broad prospecting,Sales / Conversions,Meta,False,Restricted category on Meta—use education/landing page pre‑qual; avoid health/medical claims,
King Kanine,KING KOMB Deshedding Tool,Shedding / clean home,Problem (Negative),Fur On Everything? Fix That.,"KING KOMB pulls loose undercoat fast, reduces dander, and keeps your home (and hoodie) cleaner.",Shop KING KOMB,short,"confident, conversational, conversion-focused",broad prospecting,Sales / Conversions,Meta,False,,
Enzo Attini,Watches,Luxury + value,Social Proof,Italian Design. Swiss Movement.,Luxury details without the luxury markup. Enzo Attini pairs Italian minimalism with Swiss precision for an everyday classic.,Shop The Collection,short,"confident, conversational, conversion-focused",broad prospecting,Sales / Conversions,Meta,False,,
Enzo Attini,Watches,Exclusivity,FOMO / Scarcity,Limited Drops. No Repeats.,"When a colorway is gone, it’s gone. That’s the point—make it yours now.",Claim Your Watch,short,"confident, conversational, conversion-focused",broad prospecting,Sales / Conversions,Meta,False,,
SENE,Custom Suits,Fit / convenience,Solution-First,A Perfect Fit—Without The Tailor Trip,"SENE’s custom fit tech nails your measurements from home. Better than off‑the‑rack, without the hassle.",Get Fitted,short,"confident, conversational, conversion-focused",broad prospecting,Sales / Conversions,Meta,False,,
SENE,Custom Suits,Identity,Question Hook,Ready For Your Best-Fitting Suit?,"Modern, minimal, made for movement. It’s your daily armor—tailored to you.",Start Now,short,"confident, conversational, conversion-focused",broad prospecting,Sales / Conversions,Meta,False,,
Tres Piñas,Women’s Collection,Confidence / fit,Solution-First,Clothes That Do You Favors,"Cuts and fabrics that flatter, move, and last. Confidence looks like this.",Shop New In,short,"confident, conversational, conversion-focused",broad prospecting,Sales / Conversions,Meta,False,,
Tres Piñas,Women’s Collection,Drop / hype,FOMO / Scarcity,We’re About To Sell Out,"The feedback’s in—and so is demand. If you’ve been eyeing it, now’s the time.",Don’t Miss It,short,"confident, conversational, conversion-focused",broad prospecting,Sales / Conversions,Meta,False,,
Dead Atlantic,Shopify Relaunch,Brand refresh,Pattern Interrupt,New Drop. New Rules.,We rebuilt the experience so it’s faster to find what you want—and easier to check out. Go see for yourself.,Shop The Drop,short,"confident, conversational, conversion-focused",broad prospecting,Sales / Conversions,Meta,False,,
Generic,Any,Urgency,FOMO / Scarcity,This Price Ends Tonight,Last call for the best price we’ll show this month. Don’t wait.,Shop Now,short,"confident, conversational, conversion-focused",broad prospecting,Sales / Conversions,Meta,False,,
Generic,Any,Authority,Social Proof,Thousands Switched. You?,Real reviews. Real results. Join them.,Get Yours,short,"confident, conversational, conversion-focused",broad prospecting,Sales / Conversions,Meta,False,,
Generic,Any,Problem,Problem (Negative),Stop Overpaying For Mediocre Gear,"Upgrade once, be done with it.",Upgrade Now,short,"confident, conversational, conversion-focused",broad prospecting,Sales / Conversions,Meta,False,,
Generic,Any,Offer,Offer / Solution-First,First-Time Buyer? We Got You.,Exclusive welcome offer inside.,Unlock Offer,short,"confident, conversational, conversion-focused",broad prospecting,Sales / Conversions,Meta,False,,
Generic,Any,Identity,Controversial / Pattern Interrupt,"If You Know, You Know",This is for people who care about details.,Join In,short,"confident, conversational, conversion-focused",broad prospecting,Sales / Conversions,Meta,False,,
